Time,PV,CV
2025-03-03 23:08:57.000,42.5,0.51
2025-03-03 23:09:08.000,42.75,0.51
2025-03-03 23:09:10.000,42.78,0.51
2025-03-03 23:09:20.000,42.93,0.51
2025-03-03 23:09:22.000,42.95,0.51
2025-03-03 23:09:32.000,43.02,0.51
2025-03-03 23:09:34.000,43.03,0.51
2025-03-03 23:09:42.000,43.1,0.51
2025-03-03 23:09:48.000,43.11,0.51
2025-03-03 23:09:56.000,43.1,0.51
2025-03-03 23:10:00.000,43.07,0.51
2025-03-03 23:10:10.000,42.98,0.51
2025-03-03 23:10:12.000,42.95,0.51
2025-03-03 23:10:22.000,42.81,0.51
2025-03-03 23:10:24.000,42.76,0.51
2025-03-03 23:10:34.000,42.53,0.51
2025-03-03 23:10:36.000,42.47,0.51
2025-03-03 23:10:46.000,42.19,0.51
2025-03-03 23:10:48.000,42.13,0.51
2025-03-03 23:10:58.000,41.66,0.51
2025-03-03 23:11:00.000,41.56,0.51
2025-03-03 23:11:10.000,41.04,0.51
2025-03-03 23:11:12.000,40.95,0.51
2025-03-03 23:11:22.000,40.51,0.51
2025-03-03 23:11:24.000,40.43,0.51
2025-03-03 23:11:34.000,40.05,0.51
2025-03-03 23:11:36.000,39.97,0.51
2025-03-03 23:11:46.000,39.65,0.51
2025-03-03 23:11:48.000,39.59,0.51
2025-03-03 23:11:58.000,39.28,0.51
2025-03-03 23:12:00.000,39.22,0.51
2025-03-03 23:12:10.000,38.95,0.51
2025-03-03 23:12:12.000,38.89,0.51
2025-03-03 23:12:22.000,38.64,0.51
2025-03-03 23:12:24.000,38.59,0.51
2025-03-03 23:12:34.000,38.33,0.51
2025-03-03 23:12:36.000,38.29,0.51
2025-03-03 23:12:46.000,38.05,0.51
2025-03-03 23:12:48.000,38.01,0.51
2025-03-03 23:12:58.000,37.79,0.51
2025-03-03 23:13:00.000,37.76,0.51
2025-03-03 23:13:10.000,37.59,0.51
2025-03-03 23:13:12.000,37.56,0.51
2025-03-03 23:13:22.000,37.37,0.51
2025-03-03 23:13:24.000,37.32,0.51
2025-03-03 23:13:34.000,37.11,0.51
2025-03-03 23:13:36.000,37.07,0.51
2025-03-03 23:13:46.000,36.92,0.51
2025-03-03 23:13:48.000,36.88,0.51
2025-03-03 23:13:58.000,36.67,0.51
2025-03-03 23:14:00.000,36.62,0.51
2025-03-03 23:14:10.000,36.39,0.51
2025-03-03 23:14:12.000,36.34,0.51
2025-03-03 23:14:24.000,36.06,0.51
2025-03-03 23:14:26.000,36.02,0.51
2025-03-03 23:14:36.000,35.77,0.51
2025-03-03 23:14:38.000,35.72,0.51
2025-03-03 23:14:48.000,35.48,0.51
2025-03-03 23:14:50.000,35.42,0.51
2025-03-03 23:15:00.000,35.14,0.51
2025-03-03 23:15:02.000,35.09,0.51
2025-03-03 23:15:12.000,34.78,0.51
2025-03-03 23:15:14.000,34.72,0.51
2025-03-03 23:15:24.000,34.4,0.51
2025-03-03 23:15:26.000,34.34,0.51
2025-03-03 23:15:36.000,34.03,0.51
2025-03-03 23:15:38.000,33.96,0.51
2025-03-03 23:15:48.000,33.68,0.51
2025-03-03 23:15:50.000,33.63,0.51
2025-03-03 23:16:00.000,33.35,0.51
2025-03-03 23:16:02.000,33.28,0.51
2025-03-03 23:16:12.000,32.98,0.51
2025-03-03 23:16:14.000,32.93,0.51
2025-03-03 23:16:24.000,32.6,0.51
2025-03-03 23:16:26.000,32.54,0.51
2025-03-03 23:16:36.000,32.18,0.51
2025-03-03 23:16:38.000,32.1,0.51
2025-03-03 23:16:48.000,31.72,0.51
2025-03-03 23:16:50.000,31.65,0.51
2025-03-03 23:23:00.000,31.25,0.51
2025-03-03 23:23:02.000,31.17,0.51
2025-03-03 23:23:12.000,30.76,0.51
2025-03-03 23:23:14.000,30.67,0.51
2025-03-03 23:23:24.000,30.26,0.51
2025-03-03 23:23:26.000,30.18,0.51
2025-03-03 23:23:36.000,29.75,0.51
2025-03-03 23:23:38.000,29.67,0.51
2025-03-03 23:23:48.000,29.23,0.51
2025-03-03 23:23:50.000,29.15,0.51
2025-03-04 23:00:00.000,28.72,0.51
2025-03-04 23:00:02.000,28.62,0.51
2025-03-04 23:00:12.000,28.18,0.51
2025-03-04 23:00:14.000,28.09,0.51
2025-03-04 23:00:26.000,27.56,0.51
2025-03-04 23:00:28.000,27.47,0.51
2025-03-04 23:00:38.000,27.04,0.51
2025-03-04 23:00:40.000,26.96,0.51
2025-03-04 23:00:50.000,26.59,0.51
2025-03-04 23:00:52.000,26.51,0.51
2025-03-04 23:19:02.000,26.13,15.0
2025-03-04 23:19:04.000,26.05,35.0
2025-03-04 23:19:14.000,25.91,35.0
2025-03-04 23:19:16.000,25.83,35.0
2025-03-04 23:19:26.000,25.13,35.0
2025-03-04 23:19:28.000,24.91,35.0
2025-03-04 23:19:32.000,,50.0
2025-03-04 23:19:38.000,23.82,50.0
2025-03-04 23:19:40.000,23.54,50.0
2025-03-04 23:19:50.000,22.22,50.0
2025-03-04 23:19:52.000,21.93,50.0
2025-03-04 23:20:02.000,20.31,50.0
2025-03-04 23:20:04.000,20.0,50.0
2025-03-04 23:20:08.000,,55.0
2025-03-04 23:20:10.000,,60.0
2025-03-04 23:20:14.000,18.39,60.0
2025-03-04 23:20:16.000,18.1,60.0
2025-03-04 23:20:26.000,16.85,60.0
2025-03-04 23:20:28.000,16.62,60.0
2025-03-04 23:20:36.000,,70.0
2025-03-04 23:20:38.000,15.73,70.0
2025-03-04 23:20:40.000,15.57,70.0
2025-03-04 23:20:42.000,,95.0
2025-03-04 23:20:44.000,,100.0
2025-03-04 23:20:50.000,15.08,100.0
2025-03-04 23:20:54.000,15.1,100.0
2025-03-04 23:21:02.000,14.76,100.0
2025-03-04 23:21:04.000,14.61,100.0
2025-03-04 23:21:14.000,13.97,100.0
2025-03-04 23:21:16.000,13.9,100.0
2025-03-04 23:21:26.000,14.54,100.0
2025-03-04 23:21:28.000,14.8,100.0
2025-03-04 23:21:38.000,15.9,100.0
2025-03-04 23:21:40.000,16.11,90.0
2025-03-04 23:21:44.000,,55.0
2025-03-04 23:21:50.000,17.03,55.0
2025-03-04 23:21:52.000,17.17,55.0
2025-03-04 23:22:02.000,17.58,55.0
2025-03-04 23:22:04.000,17.69,55.0
2025-03-04 23:22:14.000,17.98,55.0
2025-03-04 23:22:16.000,18.07,55.0
2025-03-04 23:22:26.000,18.43,55.0
2025-03-04 23:22:28.000,18.48,55.0
2025-03-04 23:22:40.000,18.98,55.0
2025-03-04 23:22:42.000,19.06,55.0
2025-03-04 23:22:52.000,19.45,55.0
2025-03-04 23:22:54.000,19.52,55.0
2025-03-04 23:23:04.000,19.9,55.0
2025-03-04 23:23:06.000,19.97,55.0
2025-03-04 23:23:16.000,20.38,55.0
2025-03-04 23:23:18.000,20.45,55.0
2025-03-04 23:23:28.000,20.88,55.0
2025-03-04 23:23:30.000,20.97,55.0
2025-03-04 23:23:40.000,21.37,55.0
2025-03-04 23:23:42.000,21.45,55.0
2025-03-04 23:23:52.000,21.81,55.0
2025-03-04 23:23:54.000,21.88,55.0
2025-03-04 23:24:04.000,22.22,55.0
2025-03-04 23:24:06.000,22.29,55.0
2025-03-04 23:24:16.000,22.62,55.0
2025-03-04 23:24:18.000,22.69,55.0
2025-03-04 23:24:28.000,23.05,55.0
2025-03-04 23:24:30.000,23.13,55.0
2025-03-04 23:24:40.000,23.46,55.0
2025-03-04 23:24:42.000,23.52,55.0
2025-03-04 23:24:52.000,23.83,55.0
2025-03-04 23:24:54.000,23.88,55.0
2025-03-04 23:25:04.000,24.15,55.0
2025-03-04 23:25:06.000,24.2,55.0
2025-03-04 23:25:16.000,24.51,55.0
2025-03-04 23:25:18.000,24.57,55.0
2025-03-04 23:25:28.000,24.87,55.0
2025-03-04 23:25:30.000,24.92,55.0
2025-03-04 23:25:40.000,25.22,55.0
2025-03-04 23:25:42.000,25.27,55.0
2025-03-04 23:25:52.000,25.55,55.0
2025-03-04 23:25:54.000,25.61,55.0
2025-03-04 23:26:04.000,25.91,55.0
2025-03-04 23:26:06.000,25.97,55.0
2025-03-04 23:26:16.000,26.28,55.0
2025-03-04 23:26:18.000,26.34,55.0
2025-03-04 23:26:28.000,26.65,55.0
2025-03-04 23:26:30.000,26.72,55.0
2025-03-04 23:26:40.000,27.03,55.0
2025-03-04 23:26:42.000,27.09,55.0
2025-03-04 23:26:54.000,27.46,55.0
2025-03-04 23:26:56.000,27.52,55.0
2025-03-04 23:27:06.000,27.84,55.0
2025-03-04 23:27:08.000,27.9,55.0
2025-03-04 23:27:18.000,28.22,55.0
2025-03-04 23:27:20.000,28.28,55.0
2025-03-04 23:27:30.000,28.59,55.0
2025-03-04 23:27:32.000,28.65,55.0
2025-03-04 23:27:42.000,28.96,55.0
2025-03-04 23:27:44.000,29.02,55.0
2025-03-04 23:27:54.000,29.33,55.0
2025-03-04 23:27:56.000,29.4,55.0
2025-03-04 23:28:06.000,29.71,55.0
2025-03-04 23:28:08.000,29.76,55.0
2025-03-04 23:28:18.000,30.08,55.0
2025-03-04 23:28:20.000,30.15,55.0
2025-03-04 23:28:22.000,,5.0
2025-03-04 23:28:30.000,30.4,5.0
2025-03-04 23:28:32.000,30.41,5.0
2025-03-04 23:28:42.000,30.57,5.0
2025-03-04 23:28:44.000,30.61,5.0
2025-03-04 23:28:54.000,30.96,5.0
2025-03-04 23:28:56.000,31.04,5.0
2025-03-04 23:29:06.000,31.41,5.0
2025-03-04 23:29:08.000,31.49,5.0
2025-03-04 23:29:18.000,31.9,5.0
2025-03-04 23:29:20.000,31.96,5.0
2025-03-04 23:29:30.000,32.31,5.0
2025-03-04 23:29:32.000,32.38,5.0
2025-03-04 23:29:42.000,32.75,5.0
2025-03-04 23:29:44.000,32.82,5.0
2025-03-04 23:29:54.000,33.1,5.0
2025-03-04 23:29:56.000,33.15,5.0
2025-03-04 23:30:06.000,33.43,5.0
2025-03-04 23:30:08.000,33.47,5.0
2025-03-04 23:30:18.000,33.69,5.0
2025-03-04 23:30:20.000,33.72,5.0
2025-03-04 23:30:30.000,33.93,5.0
2025-03-04 23:30:32.000,33.99,5.0
2025-03-04 23:30:42.000,34.18,5.0
2025-03-04 23:30:44.000,34.21,5.0
2025-03-04 23:30:56.000,34.39,5.0
2025-03-04 23:30:58.000,34.42,5.0
2025-03-04 23:31:08.000,34.55,5.0
2025-03-04 23:31:10.000,34.58,5.0
2025-03-04 23:31:18.000,34.69,5.0
2025-03-04 23:31:22.000,34.72,5.0
2025-03-04 23:31:32.000,34.79,5.0
2025-03-04 23:31:34.000,34.8,5.0
2025-03-04 23:31:44.000,34.87,5.0
2025-03-04 23:31:46.000,34.89,5.0
2025-03-04 23:31:56.000,34.96,5.0
2025-03-04 23:32:00.000,34.99,5.0
2025-03-04 23:32:04.000,35.02,5.0
2025-03-04 23:32:10.000,35.04,5.0
2025-03-04 23:32:18.000,35.06,5.0
2025-03-04 23:32:22.000,35.07,5.0
2025-03-04 23:32:32.000,35.04,5.0
2025-03-04 23:32:34.000,35.02,5.0
2025-03-04 23:32:44.000,34.99,5.0
2025-03-04 23:32:48.000,35.01,5.0
2025-03-04 23:32:50.000,35.02,5.0
2025-03-04 23:33:02.000,34.99,5.0
2025-03-04 23:33:08.000,34.98,5.0
2025-03-04 23:33:12.000,34.95,5.0
2025-03-04 23:33:20.000,34.9,5.0
2025-03-04 23:33:22.000,34.89,5.0
2025-03-04 23:33:30.000,34.81,5.0
2025-03-04 23:33:34.000,34.79,5.0
2025-03-04 23:33:44.000,34.7,5.0
2025-03-04 23:33:46.000,34.68,5.0
2025-03-04 23:33:56.000,34.59,5.0
2025-03-04 23:33:58.000,34.57,5.0
2025-03-04 23:34:08.000,34.52,5.0
2025-03-04 23:34:12.000,34.5,5.0
2025-03-04 23:34:20.000,34.34,5.0
2025-03-04 23:34:22.000,34.26,5.0
2025-03-04 23:34:32.000,33.94,5.0
2025-03-04 23:34:34.000,33.88,5.0
2025-03-04 23:34:44.000,33.74,5.0
2025-03-04 23:34:56.000,33.76,5.0
2025-03-04 23:34:58.000,33.78,5.0
2025-03-04 23:35:00.000,33.79,5.0
2025-03-04 23:35:08.000,33.83,5.0
2025-03-04 23:35:20.000,33.81,5.0
2025-03-04 23:35:24.000,33.8,5.0
2025-03-04 23:35:40.000,33.79,5.0
2025-03-04 23:35:46.000,33.77,5.0
2025-03-04 23:35:50.000,33.74,5.0
2025-03-04 23:35:58.000,33.69,5.0
2025-03-04 23:36:00.000,33.67,5.0
2025-03-04 23:36:10.000,33.55,5.0
2025-03-04 23:36:12.000,33.51,5.0
2025-03-04 23:36:22.000,33.32,5.0
2025-03-04 23:36:24.000,33.29,5.0
2025-03-04 23:36:34.000,33.1,5.0
2025-03-04 23:36:36.000,33.06,5.0
2025-03-04 23:36:46.000,32.75,5.0
2025-03-04 23:36:48.000,32.64,5.0
2025-03-04 23:36:58.000,32.23,5.0
2025-03-04 23:37:00.000,32.16,5.0
2025-03-04 23:37:10.000,31.82,5.0
2025-03-04 23:37:12.000,31.75,5.0
2025-03-04 23:37:22.000,31.47,5.0
2025-03-04 23:37:24.000,31.43,5.0
2025-03-04 23:37:30.000,,20.0
2025-03-04 23:37:34.000,31.13,40.0
2025-03-04 23:37:36.000,31.08,40.0
2025-03-04 23:37:46.000,30.8,40.0
2025-03-04 23:37:48.000,30.75,40.0
2025-03-04 23:37:58.000,30.47,40.0
2025-03-04 23:38:00.000,30.42,40.0
2025-03-04 23:38:10.000,29.91,40.0
2025-03-04 23:38:12.000,29.82,40.0
2025-03-04 23:38:22.000,29.16,40.0
2025-03-04 23:38:24.000,29.02,40.0
2025-03-04 23:38:34.000,28.24,40.0
2025-03-04 23:38:36.000,28.08,40.0
2025-03-04 23:38:46.000,27.27,40.0
2025-03-04 23:38:48.000,27.11,40.0
2025-03-04 23:38:58.000,26.25,40.0
2025-03-04 23:39:00.000,26.07,40.0
2025-03-04 23:39:12.000,24.95,40.0
2025-03-04 23:39:14.000,24.75,40.0
2025-03-04 23:39:24.000,23.63,40.0
2025-03-04 23:39:26.000,23.38,40.0
2025-03-04 23:39:36.000,22.24,40.0
2025-03-04 23:39:38.000,22.02,40.0
2025-03-04 23:39:48.000,20.86,40.0
2025-03-04 23:39:50.000,20.64,40.0
2025-03-04 23:40:00.000,19.67,40.0
2025-03-04 23:40:02.000,19.47,40.0
2025-03-04 23:40:07.000,,50.0
2025-03-04 23:40:09.000,,55.0
2025-03-04 23:40:11.000,18.69,55.0
2025-03-04 23:40:13.000,18.6,55.0
2025-03-04 23:40:19.000,,70.0
2025-03-04 23:40:21.000,,75.0
2025-03-04 23:40:23.000,18.1,75.0
2025-03-04 23:40:25.000,18.01,75.0
2025-03-04 23:40:35.000,17.45,75.0
2025-03-04 23:40:37.000,17.34,75.0
2025-03-04 23:40:47.000,16.84,75.0
2025-03-04 23:40:49.000,16.74,75.0
2025-03-04 23:40:59.000,16.35,75.0
2025-03-04 23:41:01.000,16.28,75.0
2025-03-04 23:41:09.000,16.14,75.0
2025-03-04 23:41:13.000,16.15,75.0
2025-03-04 23:41:19.000,16.17,75.0
2025-03-04 23:41:25.000,16.19,75.0
2025-03-04 23:41:35.000,16.44,75.0
2025-03-04 23:41:37.000,16.51,75.0
2025-03-04 23:41:47.000,16.9,75.0
2025-03-04 23:41:49.000,17.0,75.0
2025-03-04 23:41:59.000,17.56,75.0
2025-03-04 23:42:01.000,17.68,75.0
2025-03-04 23:42:11.000,18.37,75.0
2025-03-04 23:42:13.000,18.51,65.0
2025-03-04 23:42:17.000,,45.0
2025-03-04 23:42:23.000,19.19,45.0
2025-03-04 23:42:25.000,19.27,45.0
2025-03-04 23:42:35.000,19.62,45.0
2025-03-04 23:42:37.000,19.69,45.0
2025-03-04 23:42:47.000,19.98,45.0
2025-03-04 23:42:49.000,20.02,45.0
2025-03-04 23:42:59.000,20.27,45.0
2025-03-04 23:43:01.000,20.33,45.0
2025-03-04 23:43:11.000,20.62,45.0
2025-03-04 23:43:13.000,20.68,45.0
2025-03-04 23:43:25.000,20.98,45.0
2025-03-04 23:43:27.000,21.04,45.0
2025-03-04 23:43:37.000,21.29,45.0
2025-03-04 23:43:39.000,21.34,45.0
2025-03-04 23:43:49.000,21.63,45.0
2025-03-04 23:43:51.000,21.69,45.0
2025-03-04 23:44:01.000,21.93,45.0
2025-03-04 23:44:03.000,21.98,45.0
2025-03-04 23:44:13.000,22.21,45.0
2025-03-04 23:44:15.000,22.27,45.0
2025-03-04 23:44:25.000,22.53,45.0
2025-03-04 23:44:27.000,22.59,45.0
2025-03-04 23:44:37.000,22.87,45.0
2025-03-04 23:44:39.000,22.93,45.0
2025-03-04 23:44:49.000,23.18,45.0
2025-03-04 23:44:51.000,23.24,45.0
2025-03-04 23:45:01.000,23.49,45.0
2025-03-04 23:45:03.000,23.55,45.0
2025-03-04 23:45:13.000,23.8,45.0
2025-03-04 23:45:15.000,23.85,45.0
2025-03-04 23:45:25.000,24.13,45.0
2025-03-04 23:45:27.000,24.17,45.0
2025-03-04 23:45:37.000,24.44,45.0
2025-03-04 23:45:39.000,24.48,45.0
2025-03-04 23:45:49.000,24.75,45.0
2025-03-04 23:45:51.000,24.79,45.0
2025-03-04 23:46:01.000,25.05,45.0
2025-03-04 23:46:03.000,25.1,45.0
2025-03-04 23:46:13.000,25.35,45.0
2025-03-04 23:46:15.000,25.41,45.0
2025-03-04 23:46:25.000,25.65,45.0
2025-03-04 23:46:27.000,25.71,45.0
2025-03-04 23:46:37.000,25.94,45.0
2025-03-04 23:46:39.000,25.99,45.0
2025-03-04 23:46:49.000,26.23,45.0
2025-03-04 23:46:51.000,26.27,45.0
2025-03-04 23:47:01.000,26.51,45.0
2025-03-04 23:47:03.000,26.54,45.0
2025-03-04 23:47:13.000,26.78,45.0
2025-03-04 23:47:15.000,26.82,45.0
2025-03-04 23:47:27.000,27.09,45.0
2025-03-04 23:47:29.000,27.13,45.0
2025-03-04 23:47:39.000,27.35,45.0
2025-03-04 23:47:41.000,27.39,45.0
2025-03-04 23:47:51.000,27.6,45.0
2025-03-04 23:47:53.000,27.65,45.0
2025-03-04 23:48:03.000,27.87,45.0
2025-03-04 23:48:05.000,27.92,45.0
2025-03-04 23:48:15.000,28.13,45.0
2025-03-04 23:48:17.000,28.17,45.0
2025-03-04 23:48:27.000,28.38,45.0
2025-03-04 23:48:29.000,28.41,45.0
2025-03-04 23:48:39.000,28.61,45.0
2025-03-04 23:48:41.000,28.66,45.0
2025-03-04 23:48:51.000,28.85,45.0
2025-03-04 23:48:53.000,28.9,45.0
2025-03-04 23:49:03.000,29.09,45.0
2025-03-04 23:49:05.000,29.12,45.0
2025-03-04 23:49:15.000,29.33,45.0
2025-03-04 23:49:17.000,29.36,45.0
2025-03-04 23:49:27.000,29.56,45.0
2025-03-04 23:49:29.000,29.61,45.0
2025-03-04 23:49:39.000,29.8,45.0
2025-03-04 23:49:41.000,29.84,45.0
2025-03-04 23:49:51.000,30.03,45.0
2025-03-04 23:49:53.000,30.07,45.0
2025-03-04 23:50:03.000,30.27,45.0
2025-03-04 23:50:05.000,30.31,45.0
2025-03-04 23:50:15.000,30.5,45.0
2025-03-04 23:50:17.000,30.53,45.0
2025-03-04 23:50:27.000,30.73,45.0
2025-03-04 23:50:29.000,30.77,45.0
2025-03-04 23:50:39.000,30.96,45.0
2025-03-04 23:50:41.000,31.0,45.0
2025-03-04 23:50:51.000,31.19,45.0
2025-03-04 23:50:53.000,31.23,45.0
2025-03-04 23:51:03.000,31.43,45.0
2025-03-04 23:51:05.000,31.47,45.0
2025-03-04 23:51:15.000,31.66,45.0
2025-03-04 23:51:17.000,31.69,45.0
2025-03-04 23:51:29.000,31.92,45.0
2025-03-04 23:51:31.000,31.95,45.0
2025-03-04 23:51:41.000,32.14,45.0
2025-03-04 23:51:43.000,32.18,45.0
2025-03-04 23:51:53.000,32.37,45.0
2025-03-04 23:51:55.000,32.41,45.0
2025-03-04 23:52:05.000,32.6,45.0
2025-03-04 23:52:07.000,32.64,45.0
2025-03-04 23:52:17.000,32.83,45.0
2025-03-04 23:52:19.000,32.87,45.0
2025-03-04 23:52:29.000,33.06,45.0
2025-03-04 23:52:31.000,33.09,45.0
2025-03-04 23:52:41.000,33.28,45.0
2025-03-04 23:52:43.000,33.32,45.0
2025-03-04 23:52:53.000,33.5,45.0
2025-03-04 23:52:55.000,33.54,45.0
2025-03-04 23:53:05.000,33.73,45.0
2025-03-04 23:53:07.000,33.76,45.0
2025-03-04 23:53:17.000,33.94,45.0
2025-03-04 23:53:19.000,33.98,45.0
2025-03-04 23:53:29.000,34.16,45.0
2025-03-04 23:53:31.000,34.21,45.0
2025-03-04 23:53:41.000,34.4,45.0
2025-03-04 23:53:43.000,34.42,45.0
2025-03-04 23:53:53.000,34.61,45.0
2025-03-04 23:53:55.000,34.65,45.0
2025-03-04 23:54:05.000,34.83,45.0
2025-03-04 23:54:07.000,34.88,45.0
2025-03-04 23:54:17.000,35.06,45.0
2025-03-04 23:54:19.000,35.09,45.0
2025-03-04 23:54:29.000,35.28,45.0
2025-03-04 23:54:31.000,35.33,45.0
2025-03-04 23:54:41.000,35.51,45.0
2025-03-04 23:54:43.000,35.55,45.0
2025-03-04 23:54:53.000,35.75,45.0
2025-03-04 23:54:55.000,35.78,45.0
2025-03-04 23:55:05.000,35.97,45.0
2025-03-04 23:55:07.000,36.02,45.0
2025-03-04 23:55:17.000,36.2,45.0
2025-03-04 23:55:19.000,36.24,45.0
2025-03-04 23:55:29.000,36.45,45.0
2025-03-04 23:55:31.000,36.48,45.0
2025-03-04 23:55:43.000,36.71,45.0
2025-03-04 23:55:45.000,36.75,45.0
2025-03-04 23:55:55.000,36.95,45.0
2025-03-04 23:55:57.000,36.98,45.0
2025-03-04 23:56:07.000,37.17,45.0
2025-03-04 23:56:09.000,37.22,45.0
2025-03-04 23:56:19.000,37.41,45.0
2025-03-04 23:56:21.000,37.45,45.0
2025-03-04 23:56:31.000,37.64,45.0
2025-03-04 23:56:33.000,37.68,45.0
2025-03-04 23:56:43.000,37.88,45.0
2025-03-04 23:56:45.000,37.92,45.0
2025-03-04 23:56:55.000,38.11,45.0
2025-03-04 23:56:57.000,38.15,45.0
2025-03-04 23:57:07.000,38.34,45.0
2025-03-04 23:57:09.000,38.38,45.0
2025-03-04 23:57:19.000,38.57,45.0
2025-03-04 23:57:21.000,38.61,45.0
2025-03-04 23:57:31.000,38.8,45.0
2025-03-04 23:57:33.000,38.84,45.0
2025-03-04 23:57:43.000,39.03,45.0
2025-03-04 23:57:45.000,39.08,45.0
2025-03-04 23:57:55.000,39.26,45.0
2025-03-04 23:57:57.000,39.3,45.0
2025-03-04 23:58:07.000,39.49,45.0
2025-03-04 23:58:09.000,39.53,45.0
2025-03-04 23:58:19.000,39.72,45.0
2025-03-04 23:58:21.000,39.76,45.0
2025-03-04 23:58:31.000,39.95,45.0
2025-03-04 23:58:33.000,39.98,45.0
2025-03-04 23:58:43.000,40.18,45.0
2025-03-04 23:58:45.000,40.22,45.0
2025-03-04 23:58:55.000,40.41,45.0
2025-03-04 23:58:57.000,40.45,45.0
2025-03-04 23:59:07.000,40.63,45.0
2025-03-04 23:59:09.000,40.68,45.0
2025-03-04 23:59:19.000,40.86,45.0
2025-03-04 23:59:21.000,40.9,45.0
2025-03-04 23:59:31.000,41.08,45.0
2025-03-04 23:59:33.000,41.13,45.0
2025-03-04 23:59:43.000,41.31,45.0
2025-03-04 23:59:45.000,41.34,45.0
2025-03-04 23:59:57.000,41.58,45.0
2025-03-04 23:59:59.000,41.61,45.0
2025-03-05 00:00:03.000,,43.0
2025-03-05 00:00:05.000,,41.0
2025-03-05 00:00:09.000,41.79,41.0
2025-03-05 00:00:11.000,41.83,41.0
2025-03-05 00:00:19.000,,40.71
2025-03-05 00:00:21.000,41.96,40.4
2025-03-05 00:00:23.000,41.99,40.05
2025-03-05 00:00:33.000,42.13,38.32
2025-03-05 00:00:35.000,42.16,37.95
2025-03-05 00:00:45.000,42.35,35.97
2025-03-05 00:00:47.000,42.4,35.55
2025-03-05 00:00:57.000,42.56,33.66
2025-03-05 00:00:59.000,42.6,33.27
2025-03-05 00:01:09.000,42.71,31.53
2025-03-05 00:01:11.000,42.74,31.15
2025-03-05 00:01:21.000,42.87,29.36
2025-03-05 00:01:23.000,42.9,28.95
2025-03-05 00:01:33.000,43.07,26.98
2025-03-05 00:01:35.000,43.1,26.59
2025-03-05 00:01:45.000,43.19,24.87
2025-03-05 00:01:47.000,43.21,24.51
2025-03-05 00:01:57.000,43.3,22.8
2025-03-05 00:01:59.000,43.33,22.4
2025-03-05 00:02:09.000,43.45,20.53
2025-03-05 00:02:11.000,43.47,20.16
2025-03-05 00:02:21.000,43.55,18.41
2025-03-05 00:02:23.000,43.58,18.03
2025-03-05 00:02:33.000,43.72,16.01
2025-03-05 00:02:35.000,43.78,15.5
2025-03-05 00:02:45.000,44.07,12.87
2025-03-05 00:02:47.000,44.12,12.35
2025-03-05 00:02:57.000,44.41,9.66
2025-03-05 00:02:59.000,44.47,9.11
2025-03-05 00:03:09.000,44.79,6.25
2025-03-05 00:03:11.000,44.86,5.64
2025-03-05 00:03:21.000,45.18,2.7
2025-03-05 00:03:23.000,45.24,2.11
2025-03-05 00:03:31.000,,0.0
2025-03-05 00:03:33.000,45.53,0.0
2025-03-05 00:03:35.000,45.59,0.0
2025-03-05 00:03:45.000,45.86,0.0
2025-03-05 00:03:47.000,45.9,0.0
2025-03-05 00:03:59.000,46.11,0.0
2025-03-05 00:04:01.000,46.15,0.0
2025-03-05 00:04:11.000,46.26,0.0
2025-03-05 00:04:21.000,46.24,0.0
2025-03-05 00:04:25.000,46.23,0.0
2025-03-05 00:04:35.000,46.14,0.0
2025-03-05 00:04:39.000,46.13,0.0
2025-03-05 00:04:47.000,46.06,0.0
2025-03-05 00:04:49.000,46.04,0.0
2025-03-05 00:04:59.000,45.89,0.0
2025-03-05 00:05:01.000,45.86,0.0
2025-03-05 00:05:11.000,45.68,0.0
2025-03-05 00:05:13.000,45.64,0.0
2025-03-05 00:05:23.000,45.52,0.0
2025-03-05 00:05:25.000,45.5,0.0
2025-03-05 00:05:35.000,45.42,0.0
2025-03-05 00:05:37.000,45.4,0.0
2025-03-05 00:05:47.000,45.31,0.0
2025-03-05 00:05:49.000,45.29,0.0
2025-03-05 00:05:59.000,45.19,0.0
2025-03-05 00:06:01.000,45.17,0.0
2025-03-05 00:06:11.000,45.07,0.0
2025-03-05 00:06:13.000,45.06,0.0
2025-03-05 00:06:23.000,44.98,0.0
2025-03-05 00:06:27.000,44.96,0.0
2025-03-05 00:06:35.000,44.92,0.0
2025-03-05 00:06:37.000,44.9,0.0
2025-03-05 00:06:47.000,44.81,0.0
2025-03-05 00:06:49.000,44.79,0.0
2025-03-05 00:06:59.000,44.66,0.0
2025-03-05 00:07:01.000,44.63,0.0
2025-03-05 00:07:11.000,44.51,0.0
2025-03-05 00:07:13.000,44.49,0.0
2025-03-05 00:07:23.000,44.35,0.0
2025-03-05 00:07:25.000,44.32,0.0
2025-03-05 00:07:35.000,44.2,0.0
2025-03-05 00:07:37.000,44.17,0.0
2025-03-05 00:07:47.000,44.03,0.0
2025-03-05 00:07:49.000,43.99,0.0
2025-03-05 00:07:59.000,43.8,0.0
2025-03-05 00:08:01.000,43.76,0.0
2025-03-05 00:08:13.000,43.51,0.0
2025-03-05 00:08:15.000,43.47,0.0
2025-03-05 00:08:25.000,43.25,0.0
2025-03-05 00:08:27.000,43.2,15.0
2025-03-05 00:08:37.000,43.01,35.0
2025-03-05 00:08:39.000,42.96,40.0
2025-03-05 00:08:47.000,42.88,40.0
2025-03-05 00:08:51.000,42.89,40.0
2025-03-05 00:08:55.000,42.83,40.0
2025-03-05 00:08:57.000,42.81,41.29
